g   Value, S  Value
0.031,0.0280388043382
0.062,0.0537506811877
0.125,0.0912284087659
  0.25,0.162548977807
0.5,0.195705253  
1.0,0.143540835238
    2.0,0.0343766562316
0.031,0.0260476653767   
0.062,0.0553880806485
0.125,0.0906865836524
0.25,0.155106811494
0.5,0.186789596864
1.0,0.142504140237
2.0,0.0393727804964
0.031,0.0280178474843
0.062,0.0555890479096
0.125, 0.0999171397024
0.25,0.144844603674
0.5,0.176558266829
1.0,    0.139177593304
2.0,0.0410999168551


